{
  "version": "1.0",
  "timestamp": 1766980030497,
  "projects": [
    {
      "id": "4c6a6717-9a7e-4105-aace-06fe0f7e0048",
      "nama": "PEMJAR",
      "name": "PEMJAR",
      "createdAt": 1765985035068
    },
    {
      "id": "default",
      "nama": "Default Workspace",
      "name": "Default Workspace",
      "createdAt": 1765970585680
    }
  ],
  "mocks": [
    {
      "id": "b1aa58a7-3a7b-4a41-82db-ffac47ef928f",
      "projectId": "4c6a6717-9a7e-4105-aace-06fe0f7e0048",
      "nama": "Ping",
      "name": "Ping",
      "path": "/api/ping",
      "metode": "GET",
      "method": "GET",
      "statusCode": 200,
      "delay": 0,
      "responseBody": "{\"pong\":true}",
      "isActive": true,
      "versi": "1.0",
      "createdAt": 1766979816409,
      "requestCount": 0,
      "headers": [
        {
          "key": "Content-Type",
          "value": "application/json"
        }
      ],
      "storeName": "",
      "authConfig": {
        "jenis": "NONE"
      }
    }
  ],
  "envVars": []
}