{
  "version": "1.0",
  "timestamp": 1766867869470,
  "projects": [
    {
      "id": "4c6a6717-9a7e-4105-aace-06fe0f7e0048",
      "name": "PEMJAR",
      "createdAt": 1765985035068
    },
    {
      "id": "default",
      "name": "Default Workspace",
      "createdAt": 1765970585680
    }
  ],
  "mocks": [
    {
      "id": "99953622-3bbb-4c21-aebb-7c391c52475c",
      "projectId": "4c6a6717-9a7e-4105-aace-06fe0f7e0048",
      "name": "Ping",
      "path": "/api/ping",
      "method": "GET",
      "statusCode": 200,
      "delay": 0,
      "responseBody": "{\"pong\":true}",
      "isActive": true,
      "version": "1.0",
      "createdAt": 1766865878530,
      "requestCount": 0,
      "headers": [
        {
          "key": "Content-Type",
          "value": "application/json"
        }
      ],
      "storeName": "",
      "authConfig": {
        "type": "NONE"
      }
    }
  ],
  "envVars": []
}