{
  "openapi": "3.0.0",
  "info": {
    "title": "PEMJAR",
    "description": "Dihasilkan oleh Backend Studio",
    "version": "1.0.0"
  },
  "servers": [
    {
      "url": "http://localhost:3000",
      "description": "Server Pengembangan Lokal"
    }
  ],
  "paths": {
    "/api/ping": {
      "get": {
        "summary": "Ping",
        "description": "Endpoint GET /api/ping",
        "tags": [
          "api"
        ],
        "responses": {
          "200": {
            "description": "OK - Permintaan berhasil",
            "content": {
              "application/json": {
                "schema": {
                  "type": "object",
                  "properties": {
                    "pong": {
                      "type": "boolean"
                    }
                  },
                  "required": [
                    "pong"
                  ]
                },
                "example": {
                  "pong": true
                }
              }
            }
          }
        }
      }
    }
  },
  "components": {
    "schemas": {}
  }
}